avg_male_terms_pct,avg_female_terms_pct,avg_neutral_pronouns_pct
44.56888888888889,31.968888888888884,23.46111111111111
